concept_id,source,en,de,tree
parrot-mined-freq-0000,parrot-mined-freq,conclusion,Beurteilung,
parrot-mined-freq-0001,parrot-mined-freq,findings,Befund,
parrot-mined-freq-0002,parrot-mined-freq,evidence,Nachweis,
parrot-mined-freq-0003,parrot-mined-freq,right,rechts,
parrot-mined-freq-0004,parrot-mined-freq,unremarkable appearance,Darstellung,
parrot-mined-freq-0005,parrot-mined-freq,left,links,
parrot-mined-freq-0006,parrot-mined-freq,appearance,Unauffällige,
parrot-mined-freq-0007,parrot-mined-freq,clinical,Fragestellung,
parrot-mined-freq-0008,parrot-mined-freq,fracture,Fraktur,
parrot-mined-freq-0009,parrot-mined-freq,technique,Technik,
parrot-mined-freq-0010,parrot-mined-freq,sides,beidseits,
parrot-mined-freq-0011,parrot-mined-freq,changes,Veränderungen,
parrot-mined-freq-0012,parrot-mined-freq,mass,Raumforderung,
parrot-mined-freq-0013,parrot-mined-freq,pneumothorax,Pneumothorax,
parrot-mined-freq-0014,parrot-mined-freq,lymph nodes,Lymphknoten,
parrot-mined-freq-0015,parrot-mined-freq,mediastinum,Mediastinum,
parrot-mined-freq-0016,parrot-mined-freq,sinus,Sinus,
parrot-mined-freq-0017,parrot-mined-freq,area,Bereich,
parrot-mined-freq-0018,parrot-mined-freq,pleural effusion,Pleuraerguss,
parrot-mined-freq-0019,parrot-mined-freq,heart,Herz,
parrot-mined-freq-0020,parrot-mined-freq,available for comparison,Vergleich,
parrot-mined-freq-0021,parrot-mined-freq,aorta,Aorta,
parrot-mined-freq-0022,parrot-mined-freq,intact,intakt,
parrot-mined-freq-0023,parrot-mined-freq,patient,Klinik,
parrot-mined-freq-0024,parrot-mined-freq,paranasal sinuses,Nasennebenhöhlen,
parrot-mined-freq-0025,parrot-mined-freq,pathologically enlarged,pathologisch,
parrot-mined-freq-0026,parrot-mined-freq,included upper,miterfassten,
parrot-mined-freq-0027,parrot-mined-freq,well aerated,frei,
parrot-mined-freq-0028,parrot-mined-freq,hemorrhage,Blutung,
parrot-mined-freq-0029,parrot-mined-freq,infiltrate,Infiltrat,
parrot-mined-freq-0030,parrot-mined-freq,mastoid,Mastoidzellen,
parrot-mined-freq-0031,parrot-mined-freq,infiltrates,Infiltrate,
parrot-mined-freq-0032,parrot-mined-freq,free fluid,freie,
parrot-mined-freq-0033,parrot-mined-freq,projected,Projektion,
parrot-mined-freq-0034,parrot-mined-freq,lesions,Läsionen,
parrot-mined-freq-0035,parrot-mined-freq,pericardial effusion,Perikarderguss,
parrot-mined-freq-0036,parrot-mined-freq,consistent,vereinbar,
parrot-mined-freq-0037,parrot-mined-freq,evaluation,Abklärung,
parrot-mined-freq-0038,parrot-mined-freq,degenerative changes,degenerative,
parrot-mined-freq-0039,parrot-mined-freq,moderate,Moderate,
parrot-mined-freq-0040,parrot-mined-freq,maxillary,maxillaris,
parrot-mined-freq-0041,parrot-mined-freq,assessed,beurteilbar,
parrot-mined-freq-0042,parrot-mined-freq,lower lobe,Unterlappen,
parrot-mined-freq-0043,parrot-mined-freq,thorax,Thorax,
parrot-mined-freq-0044,parrot-mined-freq,pleural effusions,Pleuraergüsse,
parrot-mined-freq-0045,parrot-mined-freq,trachea,Trachea,
parrot-mined-freq-0046,parrot-mined-freq,diameter,Durchmesser,
parrot-mined-freq-0047,parrot-mined-freq,gallbladder,Gallenblase,
parrot-mined-freq-0048,parrot-mined-freq,two views,Ebenen,
parrot-mined-freq-0049,parrot-mined-freq,silhouette,Herzsilhouette,
parrot-mined-freq-0050,parrot-mined-freq,mucosal swelling,Schleimhautschwellung,
parrot-mined-freq-0051,parrot-mined-freq,aerated,belüftet,
parrot-mined-freq-0052,parrot-mined-freq,included skeletal structures,muterfassten,
parrot-mined-freq-0053,parrot-mined-freq,enhancement,Kontrastierung,
parrot-mined-freq-0054,parrot-mined-freq,evidence of pathologically,vergrößerter,
parrot-mined-freq-0055,parrot-mined-freq,regarding,Frage,
parrot-mined-freq-0056,parrot-mined-freq,technique ray,Röntgen,
parrot-mined-freq-0057,parrot-mined-freq,previous examination,Voruntersuchung,
parrot-mined-freq-0058,parrot-mined-freq,pulmonary venous congestion,pulmonalvenöser,
parrot-mined-freq-0059,parrot-mined-freq,recommended,empfohlen,
parrot-mined-freq-0060,parrot-mined-freq,signs,Zeichen,
parrot-mined-freq-0061,parrot-mined-freq,joint effusion,Gelenkerguss,
parrot-mined-freq-0062,parrot-mined-freq,normal in size,groß,
parrot-mined-freq-0063,parrot-mined-freq,cells are well,Frei,
parrot-mined-freq-0064,parrot-mined-freq,sinuses and mastoid,belüftete,
parrot-mined-freq-0065,parrot-mined-freq,orbits,Orbitae,
parrot-mined-freq-0066,parrot-mined-freq,justifying,rechtfertigende,
parrot-mined-freq-0067,parrot-mined-freq,basal cisterns,Zisternen,
parrot-mined-freq-0068,parrot-mined-freq,skull,Schädelkalotte,
parrot-mined-freq-0069,parrot-mined-freq,acute intracranial hemorrhage,intrakranielle,
parrot-mined-freq-0070,parrot-mined-freq,wrist,Handgelenk,
parrot-mined-freq-0071,parrot-mined-freq,soft tissues,Weichteile,
parrot-mined-freq-0072,parrot-mined-freq,bony structures,knöchernen,
parrot-mined-freq-0073,parrot-mined-freq,congestion,Stauungszeichen,
parrot-mined-freq-0074,parrot-mined-freq,upper abdominal organs,Oberbauchorgane,
parrot-mined-freq-0075,parrot-mined-freq,spine,Wirbelsäule,
parrot-mined-freq-0076,parrot-mined-freq,newly demarcated,frisch,
parrot-mined-freq-0077,parrot-mined-freq,acute,akuten,
parrot-mined-freq-0078,parrot-mined-freq,status,Zustand,
parrot-mined-freq-0079,parrot-mined-freq,thoracic aorta,thorakale,
parrot-mined-freq-0080,parrot-mined-freq,intracranial,intrakraniellen,
parrot-mined-freq-0081,parrot-mined-freq,available,vorliegend,
parrot-mined-freq-0082,parrot-mined-freq,vessels,Gefäße,
parrot-mined-freq-0083,parrot-mined-freq,cystic,zystische,
parrot-mined-freq-0084,parrot-mined-freq,lung field,Verschattung,
parrot-mined-freq-0085,parrot-mined-freq,displacement,Dislokation,
parrot-mined-freq-0086,parrot-mined-freq,unremarkable mediastinum,Unauffälliges,
